{
  // Use IntelliSense to learn about possible attributes.
  // Hover to view descriptions of existing attributes.
  // For more information, visit: https://go.microsoft.com/fwlink/?linkid=830387
  "version": "0.2.0",
  "configurations": [
    // {
    //   "type": "java",
    //   "name": "CodeLens (Launch) - UrlValidatorTest",
    //   "request": "launch",
    //   "mainClass": "UrlValidatorTest"
    // },
    // {
    //   "type": "java",
    //   "name": "Debug (Launch) - Current File",
    //   "request": "launch",
    //   "mainClass": "${file}"
    // },
    {
      "name": "Dominion Debugger",
      "type": "cppdbg",
      "request": "launch",
      "program": "${workspaceFolder}/CS362-W2019/projects/lioua/wangch7Dominion/dominion",
      "args": [],
      "stopAtEntry": false,
      "cwd": "${workspaceFolder}",
      "environment": [],
      "externalConsole": true,
      "MIMode": "gdb",
      "miDebuggerPath": "/path/to/gdb",
      "setupCommands": [{
        "description": "Enable pretty-printing for gdb",
        "text": "-enable-pretty-printing",
        "ignoreFailures": true
      }]
    }
  ]
}